name,birthday,nationality
Maria Gomes,1993-06-18,Brazil
Juliana Oliveira,1958-01-01,Brazil
Larissa Martins,1943-02-13,Brazil
Lucas Gomes,1961-08-07,Brazil
Larissa Rodrigues,1989-05-23,Brazil
Maria Almeida,1961-06-28,Brazil
João Almeida,1946-03-17,Brazil
Marcos Martins,1991-09-08,Brazil
Pedro Gomes,1985-06-24,Brazil
Isabela Gomes,1943-01-03,Brazil
Vitória Pereira,1956-10-08,Brazil
Renato Costa,1955-08-27,Brazil
Camila Silva,1940-01-02,Brazil
Rafael Costa,1976-03-15,Brazil
Maria Rodrigues,1969-11-04,Brazil
Pedro Silva,1965-03-16,Brazil
Camila Oliveira,1955-02-11,Brazil
Rafael Silva,2000-02-19,Brazil
Luana Ribeiro,1965-10-14,Brazil
Rafael Almeida,1963-06-02,Brazil
Paulo Oliveira,1980-02-20,Brazil
Marcos Souza,1989-05-11,Brazil
Diego Rodrigues,1947-09-05,Brazil
Diego Oliveira,1965-02-28,Brazil
Isabela Pereira,1943-01-14,Brazil
Ana Pereira,1966-03-23,Brazil
Carlos Gomes,1968-05-17,Brazil
Sérgio Pereira,1953-05-18,Brazil
Ana Almeida,1958-12-22,Brazil
Juliana Almeida,1989-10-19,Brazil
Luana Almeida,1940-10-24,Brazil
Paulo Silva,1988-12-11,Brazil
Camila Almeida,1977-04-04,Brazil
Larissa Martins,1995-09-28,Brazil
Camila Costa,2004-11-08,Brazil
João Martins,1976-05-09,Brazil
Isabela Gomes,1993-04-26,Brazil
Isabela Rodrigues,1981-01-15,Brazil
Paulo Silva,1993-05-15,Brazil
Bruna Costa,1974-12-05,Brazil
Rafael Costa,1975-01-21,Brazil
João Almeida,1980-07-27,Brazil
Renato Gomes,1986-11-19,Brazil
João Gomes,1998-11-27,Brazil
Carlos Martins,2002-09-23,Brazil
Rafael Martins,1971-03-08,Brazil
Marcos Silva,1980-03-03,Brazil
Bruna Martins,1961-12-04,Brazil
Renato Almeida,1940-06-06,Brazil
Isabela Martins,1953-06-08,Brazil
Emily Davis,1999-02-08,USA
Olivia Jones,1953-05-10,USA
Michael Williams,1979-01-16,USA
Sophia Johnson,1994-01-23,USA
James Taylor,1979-10-11,USA
Sophia Garcia,1972-06-22,USA
James Williams,1954-08-09,USA
Emma Garcia,1979-07-16,USA
David Garcia,1963-03-21,USA
Sophia Johnson,1984-03-17,USA
Olivia Taylor,1953-08-23,USA
John Jones,1949-06-27,USA
Abigail Smith,1947-06-09,USA
Harper Miller,1948-08-13,USA
Mia Miller,1966-04-09,USA
John Brown,1943-08-25,USA
Harper Johnson,1961-10-21,USA
Mia Garcia,1998-12-21,USA
Henry Anderson,1962-08-23,USA
Michael Jones,1950-10-04,USA
Mia Taylor,1961-03-09,USA
Robert Taylor,1954-05-03,USA
Olivia Davis,1959-06-26,USA
Daniel Smith,1942-03-03,USA
Joseph Brown,1969-01-12,USA
Emily Smith,1955-03-27,USA
Emily Taylor,1953-05-19,USA
Olivia Williams,1964-08-20,USA
Harper Williams,1957-11-03,USA
Harper Anderson,1957-07-12,USA
Ava Anderson,1946-12-28,USA
William Taylor,1976-07-23,USA
Ella Williams,1965-12-14,USA
Daniel Anderson,1973-06-12,USA
Henry Brown,1988-03-23,USA
Olivia Garcia,1978-07-27,USA
Harper Anderson,1942-04-17,USA
Grace Jones,1941-10-04,USA
Emily Miller,1990-07-13,USA
Robert Johnson,1970-10-05,USA
Grace Garcia,1942-02-07,USA
Emma Anderson,1987-09-25,USA
Michael Garcia,1956-01-07,USA
Henry Smith,1977-06-02,USA
David Jones,1948-09-02,USA
Michael Johnson,1949-04-16,USA
Mia Brown,1966-03-23,USA
Emma Brown,1943-03-27,USA
William Johnson,1974-02-14,USA
Ella Williams,1995-03-22,USA
